{
    "msgModel" : {
        "httpCode" : "0",
        "httpStatus" : "success"
    },
    "userData" : [
        {
            "username" : "akshay@gmail.com",
            "password" : "akshay",
            "tasksdone" : [
                {
                    "taskOwner" : "akshay@gmail.com",
                    "ube" : "ube",
                    "access" : "access",
                    "content": "content"
                }
            ],
            "tasksinprogress" : [
                {
                    "taskOwner" : "akshay@gmail.com",
                    "aura" : "aura",
                    "blacklisting": "blacklisting"
                }
            ]
        },
        {
            "username" : "anupama@gmail.com",
            "password" : "anupama",
            "tasksdone" : [
                {
                    "taskOwner" : "anupama@gmail.com",
                    "aura" : "aura",
                    "access" : "access",
                    "content": "content"
                }
            ],
            "tasksinprogress" : [
                {
                    "taskOwner" : "anupama@gmail.com",
                    "ube" : "ube",
                    "catalog": "catalog"
                }
            ]
        },
        {
            "username" : "sandeep@gmail.com",
            "password" : "sandeep",
            "tasksdone" : [
                {
                    "taskOwner" : "sandeep@gmail.com",
                    "aura" : "aura",
                    "catalog": "catalog"
                }
            ],
            "tasksinprogress" : [
                {
                    "taskOwner" : "sandeep@gmail.com",
                    "ube" : "ube",
                    "blacklisting": "blacklisting",
                    "access" : "access"
                }
            ]
        }
    ]
}